Datum,Original_Datum,Tagesmitteltemperatur_Jena,Positive_Elemente,Negative_Elemente
1823-01-01,1.1.1823,-18.2,,
1823-01-02,2.1.1823,-16.3,,
1823-01-03,3.1.1823,-18.0,,
1823-01-04,4.1.1823,-16.6,dank,trauerspiel
1823-01-05,5.1.1823,-16.8,,
1823-01-06,6.1.1823,-16.7,,
1823-01-07,7.1.1823,-15.7,,
1823-01-08,8.1.1823,-16.4,,unglücksfälle
1823-01-09,9.1.1823,-17.9,,
1823-01-10,10.1.1823,-19.3,,
1823-01-11,11.1.1823,-16.7,,
1823-01-12,12.1.1823,-12.2,,
1823-01-13,13.1.1823,-9.1,,
1823-01-14,14.1.1823,-8.8,wohl,
1823-01-15,15.1.1823,-8.7,,
1823-01-16,16.1.1823,-4.1,,
1823-01-17,17.1.1823,-6.0,,
1823-01-18,18.1.1823,-4.5,,
1823-01-19,19.1.1823,-3.3,,krankenhaus
1823-01-20,20.1.1823,-4.7,,
1823-01-21,21.1.1823,-11.5,,
1823-01-22,22.1.1823,-20.0,,
1823-01-23,23.1.1823,-21.0,,
1823-01-24,24.1.1823,-22.4,,
1823-01-25,25.1.1823,-20.6,,
1823-01-26,26.1.1823,-14.0,,
1823-01-27,27.1.1823,-7.0,,
1823-01-28,28.1.1823,3.9,,
1823-01-29,29.1.1823,4.0,danken,
1823-01-30,30.1.1823,6.5,,
1823-01-31,31.1.1823,2.4,,
1823-02-01,1.2.1823,2.4,,
1823-02-02,2.2.1823,2.9,,
1823-02-03,3.2.1823,0.5,,
1823-02-04,4.2.1823,0.5,,
1823-02-05,5.2.1823,0.3,,
1823-02-06,6.2.1823,-2.0,,
1823-02-07,7.2.1823,-6.7,,
1823-02-08,8.2.1823,-2.7,,
1823-02-09,9.2.1823,0.1,,
1823-02-10,10.2.1823,4.2,,
1823-02-11,11.2.1823,4.6,,
1823-02-12,12.2.1823,7.3,gut,
1823-02-13,13.2.1823,5.0,erholung,unruhiger
1823-02-14,14.2.1823,1.6,besserung,
1823-02-15,15.2.1823,1.2,,
1823-02-16,16.2.1823,-1.7,glückwunsch,
1823-02-17,17.2.1823,-0.4,,
1823-02-18,18.2.1823,-0.1,,"schmerz, leider, unruhig"
1823-02-19,19.2.1823,-0.7,,"schmerz, fieber, unruhige, schmerzen"
1823-02-20,20.2.1823,1.9,,
1823-02-21,21.2.1823,1.7,erquickenden,"fieberfrey, schmerzen, unruhe, unruhig"
1823-02-22,22.2.1823,5.4,,"fieber, unruhig, schmerzen"
1823-02-23,23.2.1823,4.5,ruhiger,"fieber, schmerzen, unruhig, schmerzhaft"
1823-02-24,24.2.1823,5.0,"ruhiger, erquickender",fieber
1823-02-25,25.2.1823,3.5,besser,"husten, fieber, unruhe"
1823-02-26,26.2.1823,3.9,besser,fieber
1823-02-27,27.2.1823,3.1,"gut, ruhige","fieber, schmerzen"
1823-02-28,28.2.1823,0.3,"besser, ruhige","schmerzen, fieber"
1823-03-01,1.3.1823,2.4,"besser, ruhiger, ruhig, erquickender",
1823-03-02,2.3.1823,2.9,erquickender,
1823-03-03,3.3.1823,3.7,,
1823-03-04,4.3.1823,5.3,,
1823-03-05,5.3.1823,3.0,,
1823-03-06,6.3.1823,1.8,gut,krank
1823-03-07,7.3.1823,-0.1,,
1823-03-08,8.3.1823,3.5,,
1823-03-09,9.3.1823,2.5,gute,kranken
1823-03-10,10.3.1823,5.6,,
1823-03-11,11.3.1823,5.1,,
1823-03-12,12.3.1823,2.8,dank,
1823-03-13,13.3.1823,2.3,"wohl, schöne, glück",
1823-03-14,14.3.1823,3.8,,
1823-03-15,15.3.1823,1.9,,
1823-03-16,16.3.1823,2.4,,
1823-03-17,17.3.1823,4.3,,
1823-03-18,18.3.1823,3.5,,
1823-03-19,19.3.1823,0.7,,
1823-03-20,20.3.1823,1.4,,
1823-03-21,21.3.1823,2.2,"dank, glück",
1823-03-22,22.3.1823,6.6,"lob, guten",
1823-03-23,23.3.1823,9.7,,
1823-03-24,24.3.1823,8.6,,trauerspiele
1823-03-25,25.3.1823,8.2,,
1823-03-26,26.3.1823,8.5,,
1823-03-27,27.3.1823,6.2,,
1823-03-28,28.3.1823,8.2,,
1823-03-29,29.3.1823,6.9,,
1823-03-30,30.3.1823,-999,,
1823-03-31,31.3.1823,-999,,
1823-04-01,1.4.1823,-999,,
1823-04-02,2.4.1823,12.1,,
1823-04-03,3.4.1823,7.0,,
1823-04-04,4.4.1823,8.8,,
1823-04-05,5.4.1823,10.8,,
1823-04-06,6.4.1823,11.5,,
1823-04-07,7.4.1823,7.2,,
1823-04-08,8.4.1823,8.2,,
1823-04-09,9.4.1823,5.1,,
1823-04-10,10.4.1823,3.5,,
1823-04-11,11.4.1823,3.6,,
1823-04-12,12.4.1823,5.6,,
1823-04-13,13.4.1823,7.8,,
1823-04-14,14.4.1823,3.8,,
1823-04-15,15.4.1823,7.4,reineck,
1823-04-16,16.4.1823,11.4,,trüben
1823-04-17,17.4.1823,11.5,,
1823-04-18,18.4.1823,8.2,glück,
1823-04-19,19.4.1823,5.6,,
1823-04-20,20.4.1823,4.2,freunde,
1823-04-21,21.4.1823,4.1,,
1823-04-22,22.4.1823,4.9,,
1823-04-23,23.4.1823,9.5,"bessern, gesundheits",
1823-04-24,24.4.1823,9.8,"gesundheits, besserung",
1823-04-25,25.4.1823,6.6,,
1823-04-26,26.4.1823,10.7,,krankheitszustand
1823-04-27,27.4.1823,4.8,,krankheit
1823-04-28,28.4.1823,6.9,bessere,
1823-04-29,29.4.1823,9.0,,
1823-04-30,30.4.1823,7.9,,
1823-05-01,1.5.1823,12.4,,
1823-05-02,2.5.1823,13.9,,
1823-05-03,3.5.1823,14.1,bestrebungen,
1823-05-04,4.5.1823,8.3,,
1823-05-05,5.5.1823,9.6,,
1823-05-06,6.5.1823,13.0,,
1823-05-07,7.5.1823,16.6,,
1823-05-08,8.5.1823,21.9,,
1823-05-09,9.5.1823,14.5,,
1823-05-10,10.5.1823,15.6,,klagenfurter
1823-05-11,11.5.1823,17.0,,
1823-05-12,12.5.1823,16.4,,
1823-05-13,13.5.1823,16.3,,
1823-05-14,14.5.1823,12.3,,
1823-05-15,15.5.1823,12.0,,
1823-05-16,16.5.1823,15.1,,
1823-05-17,17.5.1823,19.4,,
1823-05-18,18.5.1823,16.4,,
1823-05-19,19.5.1823,21.0,,
1823-05-20,20.5.1823,19.2,,
1823-05-21,21.5.1823,20.8,,
1823-05-22,22.5.1823,16.4,,
1823-05-23,23.5.1823,15.3,,
1823-05-24,24.5.1823,14.0,schönes,
1823-05-25,25.5.1823,16.4,,
1823-05-26,26.5.1823,18.0,,
1823-05-27,27.5.1823,18.2,,
1823-05-28,28.5.1823,17.1,herrliche,
1823-05-29,29.5.1823,17.6,"lieber, freute",
1823-05-30,30.5.1823,19.3,,
1823-05-31,31.5.1823,19.5,,
1823-06-01,1.6.1823,20.6,"schön, günstig",
1823-06-02,2.6.1823,22.2,,
1823-06-03,3.6.1823,20.5,,
1823-06-04,4.6.1823,18.0,,
1823-06-05,5.6.1823,14.0,,
1823-06-06,6.6.1823,13.4,,
1823-06-07,7.6.1823,15.8,gesundheit,
1823-06-08,8.6.1823,16.8,,
1823-06-09,9.6.1823,21.0,bestellt,
1823-06-10,10.6.1823,19.4,,
1823-06-11,11.6.1823,17.9,,
1823-06-12,12.6.1823,20.2,,
1823-06-13,13.6.1823,22.8,gunsten,
1823-06-14,14.6.1823,20.6,,
1823-06-15,15.6.1823,18.5,,
1823-06-16,16.6.1823,11.8,,
1823-06-17,17.6.1823,12.0,,
1823-06-18,18.6.1823,10.5,,krankheits
1823-06-19,19.6.1823,11.1,,
1823-06-20,20.6.1823,12.0,bessere,
1823-06-21,21.6.1823,12.6,bessern,
1823-06-22,22.6.1823,14.6,besserem,
1823-06-23,23.6.1823,14.4,,
1823-06-24,24.6.1823,11.8,,
1823-06-25,25.6.1823,16.0,,
1823-06-26,26.6.1823,15.7,,
1823-06-27,27.6.1823,17.1,heiterte,
1823-06-28,28.6.1823,16.0,heiterte,
1823-06-29,29.6.1823,17.1,"schöne, gutem, erfreute, schönes, reinen",
1823-06-30,30.6.1823,18.0,"wundervollsten, herrliche, schön, freund, freunde, gelingen",leidenschaft
1823-06-30,30.6.1823,18.0,,
1823-07-01,1.7.1823,19.5,,
1823-07-02,2.7.1823,16.3,"erfolgte, glückliche",
1823-07-03,3.7.1823,16.5,,
1823-07-04,4.7.1823,15.5,,
1823-07-05,5.7.1823,17.0,,
1823-07-06,6.7.1823,19.8,"reiner, schöne, geniessend",
1823-07-07,7.7.1823,15.6,,
1823-07-08,8.7.1823,17.3,,
1823-07-09,9.7.1823,14.4,,
1823-07-10,10.7.1823,14.6,"schönes, schönste",leider
1823-07-11,11.7.1823,18.7,heiterer,
1823-07-12,12.7.1823,20.4,,
1823-07-13,13.7.1823,17.6,,krankheits
1823-07-14,14.7.1823,21.9,heiterte,
1823-07-15,15.7.1823,19.7,,
1823-07-16,16.7.1823,19.6,,
1823-07-17,17.7.1823,13.7,reinere,
1823-07-18,18.7.1823,14.2,dank,
1823-07-19,19.7.1823,15.7,,
1823-07-20,20.7.1823,18.9,,
1823-07-21,21.7.1823,22.6,schönem,
1823-07-22,22.7.1823,22.6,"schöner, schönen, besten",kranke
1823-07-23,23.7.1823,18.1,,
1823-07-24,24.7.1823,16.0,"gesundheit, gute, schönes, muntere",
1823-07-25,25.7.1823,16.4,,
1823-07-26,26.7.1823,15.9,,
1823-07-27,27.7.1823,15.9,,
1823-07-28,28.7.1823,17.5,,
1823-07-29,29.7.1823,19.0,,
1823-07-30,30.7.1823,22.6,,
1823-07-31,31.7.1823,21.0,,kranke
1823-08-01,1.8.1823,18.7,gesundheits,
1823-08-02,2.8.1823,16.9,,
1823-08-03,3.8.1823,18.5,,
1823-08-04,4.8.1823,23.2,schöne,
1823-08-05,5.8.1823,22.9,"danken, freundlichkeit",
1823-08-06,6.8.1823,18.8,erfreuliche,
1823-08-07,7.8.1823,16.6,gesundheit,schlimme
1823-08-08,8.8.1823,16.2,wohl,schlimme
1823-08-09,9.8.1823,17.8,,"schlechtes, krank"
1823-08-10,10.8.1823,14.3,gutes,
1823-08-11,11.8.1823,17.7,"vorzüglicher, wunderbarsten",
1823-08-12,12.8.1823,21.2,"gesundheit, lustige",
1823-08-13,13.8.1823,20.5,wunderbarer,
1823-08-14,14.8.1823,20.4,herrlich,
1823-08-15,15.8.1823,15.5,"wohl, bestellte",
1823-08-16,16.8.1823,17.5,"köstlich, schöne",
1823-08-17,17.8.1823,15.6,fröhlich,
1823-08-18,18.8.1823,15.5,,
1823-08-19,19.8.1823,19.9,,
1823-08-20,20.8.1823,23.5,"ruhige, herrlichster, prächtig",
1823-08-21,21.8.1823,18.1,,
1823-08-22,22.8.1823,16.6,"schönem, bestellt",
1823-08-23,23.8.1823,18.2,sanfte,
1823-08-24,24.8.1823,21.5,,
1823-08-25,25.8.1823,22.8,"schönste, schönes, schöne, köstliche, wohl",
1823-08-26,26.8.1823,24.4,"herrlich, heiligengötter, herrlicher",
1823-08-27,27.8.1823,26.1,"heiterer, gut, angenehm, guten, angenehme","schlecht, heißer"
1823-08-28,28.8.1823,23.2,"reiner, bestellt, lieber, glücklich, gut, freundlichster",
1823-08-29,29.8.1823,21.6,"heiligengötter, glückwunsch, schöne, lust, gute, vortheile","krankheit, krank"
1823-08-30,30.8.1823,21.9,"bestiegen, lustigkeit, herrlichsten, heitere",krankheits
1823-08-31,31.8.1823,18.2,,"abscheulich, abscheulicher"
1823-09-01,1.9.1823,16.0,"lustigen, gelangen",kranke
1823-09-02,2.9.1823,17.8,"herrlichstes, bestellt, herrlich, wohl, glücklicher, schönstem","dunkelblauer, lästige"
1823-09-03,3.9.1823,18.2,"schönes, freundin, gutes, freundliches, erfreulichen, gut, schöne",hartenberg
1823-09-04,4.9.1823,16.8,erfolg,
1823-09-05,5.9.1823,21.5,heiteres,"kaltem, unglück"
1823-09-06,6.9.1823,14.6,schöne,
1823-09-07,7.9.1823,12.9,gutem,
1823-09-08,8.9.1823,12.5,guten,
1823-09-09,9.9.1823,12.1,"gewinnes, vergnügen, schönste",
1823-09-10,10.9.1823,13.5,schöne,
1823-09-11,11.9.1823,10.6,glücklich,unglück
1823-09-12,12.9.1823,10.0,"ruhm, schönem",
1823-09-13,13.9.1823,15.2,,
1823-09-14,14.9.1823,21.2,,
1823-09-15,15.9.1823,21.2,"schönster, beste",
1823-09-16,16.9.1823,14.6,bestellung,leider
1823-09-17,17.9.1823,14.4,"gefallen, freundlicher",
1823-09-18,18.9.1823,16.0,,
1823-09-19,19.9.1823,15.9,,leidenschaftliche
1823-09-20,20.9.1823,14.1,"munter, wohl",
1823-09-21,21.9.1823,14.0,,krank
1823-09-22,22.9.1823,14.0,,
1823-09-23,23.9.1823,11.8,,
1823-09-24,24.9.1823,9.6,,
1823-09-25,25.9.1823,13.9,"günstig, wohl",
1823-09-26,26.9.1823,16.0,,
1823-09-27,27.9.1823,15.3,,
1823-09-28,28.9.1823,13.2,,
1823-09-29,29.9.1823,12.6,,
1823-09-30,30.9.1823,14.4,,
1823-10-01,1.10.1823,15.8,,krankheit
1823-10-02,2.10.1823,10.0,,
1823-10-03,3.10.1823,8.9,,
1823-10-04,4.10.1823,9.6,,
1823-10-05,5.10.1823,11.2,,krank
1823-10-06,6.10.1823,12.1,,
1823-10-07,7.10.1823,11.0,,
1823-10-08,8.10.1823,10.8,schöner,
1823-10-09,9.10.1823,12.8,,
1823-10-10,10.10.1823,13.5,,
1823-10-11,11.10.1823,11.3,,krankheiten
1823-10-12,12.10.1823,13.8,,
1823-10-13,13.10.1823,11.4,,todt
1823-10-14,14.10.1823,8.6,,leidenschaften
1823-10-15,15.10.1823,7.9,,
1823-10-16,16.10.1823,7.4,,krank
1823-10-17,17.10.1823,10.1,,
1823-10-18,18.10.1823,7.3,,krankheits
1823-10-19,19.10.1823,8.0,,
1823-10-20,20.10.1823,9.0,,
1823-10-21,21.10.1823,6.6,,
1823-10-22,22.10.1823,4.3,"sanft, dank",
1823-10-23,23.10.1823,2.8,erfreulichster,
1823-10-24,24.10.1823,3.0,trefflich,
1823-10-25,25.10.1823,4.1,"schöne, schönem",
1823-10-26,26.10.1823,7.9,,
1823-10-27,27.10.1823,7.4,,
1823-10-28,28.10.1823,7.6,,
1823-10-29,29.10.1823,9.1,,
1823-10-30,30.10.1823,10.3,,
1823-10-31,31.10.1823,7.9,,
1823-11-01,1.11.1823,4.4,"trefflich, vorzügliche",
1823-11-02,2.11.1823,4.1,,
1823-11-03,3.11.1823,5.4,vortrefflich,
1823-11-04,4.11.1823,6.0,,
1823-11-05,5.11.1823,3.1,,
1823-11-06,6.11.1823,3.9,besten,
1823-11-07,7.11.1823,4.2,besten,
1823-11-08,8.11.1823,2.4,,
1823-11-09,9.11.1823,1.2,"heiterer, angenehme, guten","schlechtem, schlechter"
1823-11-10,10.11.1823,0.4,,"hustens, übel"
1823-11-11,11.11.1823,0.5,wohl,
1823-11-12,12.11.1823,2.9,,krankheit
1823-11-13,13.11.1823,4.8,,schlimme
1823-11-14,14.11.1823,2.3,erfreuliche,
1823-11-15,15.11.1823,5.1,,
1823-11-16,16.11.1823,1.9,freunde,
1823-11-17,17.11.1823,4.6,,
1823-11-18,18.11.1823,5.6,,
1823-11-19,19.11.1823,1.3,,
1823-11-20,20.11.1823,4.3,,
1823-11-21,21.11.1823,7.3,,
1823-11-22,22.11.1823,4.8,,
1823-11-23,23.11.1823,6.2,,tode
1823-11-24,24.11.1823,6.8,besseres,
1823-11-25,25.11.1823,5.9,,tode
1823-11-26,26.11.1823,7.1,,
1823-11-27,27.11.1823,5.4,,
1823-11-28,28.11.1823,4.4,,
1823-11-29,29.11.1823,4.6,,
1823-11-30,30.11.1823,10.9,,
1823-12-01,1.12.1823,11.2,,
1823-12-02,2.12.1823,11.3,,
1823-12-03,3.12.1823,8.5,,
1823-12-04,4.12.1823,9.0,,
1823-12-05,5.12.1823,5.2,,
1823-12-06,6.12.1823,4.3,wohl,
1823-12-07,7.12.1823,3.7,lieber,
1823-12-08,8.12.1823,1.5,,"gramatik, unglücksfälle"
1823-12-09,9.12.1823,3.4,,
1823-12-10,10.12.1823,2.3,,
1823-12-11,11.12.1823,3.5,,
1823-12-12,12.12.1823,2.4,,unglücks
1823-12-13,13.12.1823,1.4,,
1823-12-14,14.12.1823,-0.2,,
1823-12-15,15.12.1823,1.8,,
1823-12-16,16.12.1823,1.9,,
1823-12-17,17.12.1823,-1.6,,
1823-12-18,18.12.1823,1.3,"guter, bestand",
1823-12-19,19.12.1823,1.6,,
1823-12-20,20.12.1823,0.1,,
1823-12-21,21.12.1823,2.4,,
1823-12-22,22.12.1823,2.6,,
1823-12-23,23.12.1823,1.5,,
1823-12-24,24.12.1823,0.6,,
1823-12-25,25.12.1823,-0.9,,
1823-12-26,26.12.1823,-0.9,,
1823-12-27,27.12.1823,0.5,günstige,
1823-12-28,28.12.1823,3.4,,
1823-12-29,29.12.1823,5.4,schönberger,
1823-12-30,30.12.1823,5.3,dank,
1823-12-31,31.12.1823,3.9,,
1824-01-01,1.1.1824,4.5,,
1824-01-02,2.1.1824,5.0,,
1824-01-03,3.1.1824,3.5,,
1824-01-04,4.1.1824,1.2,,
1824-01-05,5.1.1824,-0.8,,
1824-01-06,6.1.1824,-3.7,schönes,
1824-01-07,7.1.1824,-4.4,,
1824-01-08,8.1.1824,-0.8,,
1824-01-09,9.1.1824,-5.8,,
1824-01-10,10.1.1824,-2.2,,
1824-01-11,11.1.1824,-3.7,,
1824-01-12,12.1.1824,-1.0,,
1824-01-13,13.1.1824,1.1,,
1824-01-14,14.1.1824,-0.1,,
1824-01-15,15.1.1824,-0.2,,
1824-01-16,16.1.1824,-2.6,,
1824-01-17,17.1.1824,-0.1,,peintre
1824-01-18,18.1.1824,2.8,,
1824-01-19,19.1.1824,3.5,,
1824-01-20,20.1.1824,2.0,,
1824-01-21,21.1.1824,1.3,,
1824-01-22,22.1.1824,0.6,,
1824-01-23,23.1.1824,1.7,,
1824-01-24,24.1.1824,2.6,,
1824-01-25,25.1.1824,5.2,,
1824-01-26,26.1.1824,6.0,,
1824-01-27,27.1.1824,5.6,,
1824-01-28,28.1.1824,4.7,,
1824-01-29,29.1.1824,2.2,,
1824-01-30,30.1.1824,2.1,besseres,
1824-01-31,31.1.1824,-2.0,freunde,
1824-02-01,1.2.1824,-3.7,,
1824-02-02,2.2.1824,-3.9,glückwunsch,
1824-02-03,3.2.1824,-1.3,,
1824-02-04,4.2.1824,0.1,,
1824-02-05,5.2.1824,2.4,reine,
1824-02-06,6.2.1824,0.2,,
1824-02-07,7.2.1824,0.2,,
1824-02-08,8.2.1824,3.5,,
1824-02-09,9.2.1824,4.1,,
1824-02-10,10.2.1824,3.4,gutachten,
1824-02-11,11.2.1824,2.3,,
1824-02-12,12.2.1824,2.5,,
1824-02-13,13.2.1824,4.1,freunde,todtengericht
1824-02-14,14.2.1824,5.3,,
1824-02-15,15.2.1824,4.8,,
1824-02-16,16.2.1824,2.7,,
1824-02-17,17.2.1824,1.6,,
1824-02-18,18.2.1824,3.1,,
1824-02-19,19.2.1824,0.2,,
1824-02-20,20.2.1824,3.2,,
1824-02-21,21.2.1824,4.1,,
1824-02-22,22.2.1824,4.7,,
1824-02-23,23.2.1824,1.4,,
1824-02-24,24.2.1824,-1.1,,
1824-02-25,25.2.1824,1.6,,
1824-02-26,26.2.1824,3.5,"gutachten, freunde",
1824-02-27,27.2.1824,2.3,"wohl, bestanden",
1824-02-28,28.2.1824,0.4,freunde,
1824-02-29,29.2.1824,-0.6,,
1824-03-01,1.3.1824,1.9,,
1824-03-02,2.3.1824,-2.0,,
1824-03-03,3.3.1824,-2.1,,
1824-03-04,4.3.1824,0.8,,
1824-03-05,5.3.1824,2.3,freunde,
1824-03-06,6.3.1824,4.7,schöne,
1824-03-07,7.3.1824,5.3,,
1824-03-08,8.3.1824,9.9,,
1824-03-09,9.3.1824,8.8,lusthaus,
1824-03-10,10.3.1824,9.5,,
1824-03-11,11.3.1824,4.0,,
1824-03-12,12.3.1824,3.0,,
1824-03-13,13.3.1824,1.9,schön,
1824-03-14,14.3.1824,2.8,,
1824-03-15,15.3.1824,2.4,,
1824-03-16,16.3.1824,3.3,,
1824-03-17,17.3.1824,6.0,,
1824-03-18,18.3.1824,5.7,,
1824-03-19,19.3.1824,3.3,,
1824-03-20,20.3.1824,2.3,,
1824-03-21,21.3.1824,3.6,,
1824-03-22,22.3.1824,5.2,,
1824-03-23,23.3.1824,10.0,,
1824-03-24,24.3.1824,4.4,gutem,leiden
1824-03-25,25.3.1824,1.0,,
1824-03-26,26.3.1824,2.0,,
1824-03-27,27.3.1824,2.1,,trauerspiels
1824-03-28,28.3.1824,2.1,,
1824-03-29,29.3.1824,1.4,,
1824-03-30,30.3.1824,3.0,,
1824-03-31,31.3.1824,2.2,,
1824-04-01,1.4.1824,3.1,,
1824-04-02,2.4.1824,3.3,,
1824-04-03,3.4.1824,1.9,,
1824-04-04,4.4.1824,3.0,,
1824-04-05,5.4.1824,3.6,,
1824-04-06,6.4.1824,4.3,,
1824-04-07,7.4.1824,4.2,lieberische,
1824-04-08,8.4.1824,7.6,,
1824-04-09,9.4.1824,7.2,freunde,
1824-04-10,10.4.1824,4.6,,
1824-04-11,11.4.1824,4.5,reinen,störend
1824-04-12,12.4.1824,4.2,,
1824-04-13,13.4.1824,4.9,,
1824-04-14,14.4.1824,6.9,,
1824-04-15,15.4.1824,5.2,,
1824-04-16,16.4.1824,8.1,,
1824-04-17,17.4.1824,6.7,,
1824-04-18,18.4.1824,5.5,,trauerloge
1824-04-19,19.4.1824,6.3,,
1824-04-20,20.4.1824,6.5,,
1824-04-21,21.4.1824,10.4,,heißen
1824-04-22,22.4.1824,13.4,,
1824-04-23,23.4.1824,14.4,,
1824-04-24,24.4.1824,11.6,,
1824-04-25,25.4.1824,11.2,,
1824-04-26,26.4.1824,13.3,gunsten,
1824-04-27,27.4.1824,15.9,,
1824-04-28,28.4.1824,14.2,,
1824-04-29,29.4.1824,17.3,,
1824-04-30,30.4.1824,19.4,,
1824-05-01,1.5.1824,20.0,,
1824-05-02,2.5.1824,19.4,,
1824-05-03,3.5.1824,14.9,,
1824-05-04,4.5.1824,14.3,,
1824-05-05,5.5.1824,12.8,,
1824-05-06,6.5.1824,16.5,,
1824-05-07,7.5.1824,14.5,bestieg,
1824-05-08,8.5.1824,13.7,,
1824-05-09,9.5.1824,11.7,,
1824-05-10,10.5.1824,14.5,,
1824-05-11,11.5.1824,11.0,,
1824-05-12,12.5.1824,10.3,,
1824-05-13,13.5.1824,11.0,"schöne, wohl",
1824-05-14,14.5.1824,13.7,bester,
1824-05-15,15.5.1824,13.6,,
1824-05-16,16.5.1824,10.3,,
1824-05-17,17.5.1824,9.8,,
1824-05-18,18.5.1824,10.3,,
1824-05-19,19.5.1824,9.1,,
1824-05-20,20.5.1824,10.3,bestimmt,
1824-05-21,21.5.1824,8.8,,
1824-05-22,22.5.1824,10.0,,leiden
1824-05-23,23.5.1824,9.8,,tode
1824-05-24,24.5.1824,11.2,,
1824-05-25,25.5.1824,11.0,,
1824-05-26,26.5.1824,13.1,,
1824-05-27,27.5.1824,12.7,,
1824-05-28,28.5.1824,13.5,,
1824-05-29,29.5.1824,13.5,,
1824-05-30,30.5.1824,17.5,,
1824-05-31,31.5.1824,18.1,,
1824-06-01,1.6.1824,13.6,,
1824-06-02,2.6.1824,14.0,,
1824-06-03,3.6.1824,15.5,,
1824-06-04,4.6.1824,14.7,,
1824-06-05,5.6.1824,18.0,,
1824-06-06,6.6.1824,17.9,,
1824-06-07,7.6.1824,19.7,,
1824-06-08,8.6.1824,22.1,,
1824-06-09,9.6.1824,20.6,,
1824-06-10,10.6.1824,20.4,,
1824-06-11,11.6.1824,20.3,,
1824-06-12,12.6.1824,13.8,,
1824-06-13,13.6.1824,7.2,freunde,
1824-06-14,14.6.1824,11.6,heiterer,
1824-06-15,15.6.1824,15.6,,
1824-06-16,16.6.1824,19.4,,
1824-06-17,17.6.1824,13.2,,
1824-06-18,18.6.1824,12.0,,
1824-06-19,19.6.1824,13.4,freunde,
1824-06-20,20.6.1824,16.0,freunde,
1824-06-21,21.6.1824,20.8,,
1824-06-22,22.6.1824,15.8,,
1824-06-23,23.6.1824,18.4,,
1824-06-24,24.6.1824,17.3,,trauerspiel
1824-06-25,25.6.1824,13.9,,
1824-06-26,26.6.1824,14.5,,
1824-06-27,27.6.1824,15.3,,
1824-06-28,28.6.1824,19.7,,
1824-06-29,29.6.1824,19.8,"dankbar, guten",
1824-06-30,30.6.1824,17.9,,
1824-07-01,1.7.1824,17.3,angenehme,
1824-07-02,2.7.1824,18.4,,
1824-07-03,3.7.1824,19.3,,
1824-07-04,4.7.1824,16.7,,
1824-07-05,5.7.1824,15.6,,
1824-07-06,6.7.1824,18.9,,krank
1824-07-07,7.7.1824,18.9,,
1824-07-08,8.7.1824,20.1,,
1824-07-09,9.7.1824,21.0,,
1824-07-10,10.7.1824,22.5,,
1824-07-11,11.7.1824,17.8,,
1824-07-12,12.7.1824,19.4,,
1824-07-13,13.7.1824,22.5,,
1824-07-14,14.7.1824,22.4,,heiß
1824-07-15,15.7.1824,21.6,wohl,verlor
1824-07-16,16.7.1824,19.1,wohl,
1824-07-17,17.7.1824,20.0,,
1824-07-18,18.7.1824,15.4,,
1824-07-19,19.7.1824,13.5,,
1824-07-20,20.7.1824,14.6,,tod
1824-07-21,21.7.1824,15.8,,
1824-07-22,22.7.1824,15.6,schöne,
1824-07-23,23.7.1824,16.5,,grammatisch
1824-07-24,24.7.1824,18.6,,
1824-07-25,25.7.1824,21.0,,
1824-07-26,26.7.1824,18.9,,
1824-07-27,27.7.1824,18.4,,
1824-07-28,28.7.1824,14.5,besserer,
1824-07-29,29.7.1824,17.3,gute,
1824-07-30,30.7.1824,20.5,,
1824-07-31,31.7.1824,20.8,,
1824-08-01,1.8.1824,21.6,,
1824-08-02,2.8.1824,19.9,schöne,
1824-08-03,3.8.1824,18.4,,
1824-08-04,4.8.1824,18.7,freunden,
1824-08-05,5.8.1824,17.5,freunde,todt
1824-08-06,6.8.1824,17.9,"vorzüglich, gut",traurige
1824-08-07,7.8.1824,18.7,reine,traurigen
1824-08-08,8.8.1824,16.4,,
1824-08-09,9.8.1824,17.3,heiligen,
1824-08-10,10.8.1824,17.8,heiligen,
1824-08-11,11.8.1824,19.6,,
1824-08-12,12.8.1824,20.7,,
1824-08-13,13.8.1824,22.8,,
1824-08-14,14.8.1824,18.1,,
1824-08-15,15.8.1824,15.0,,
1824-08-16,16.8.1824,15.9,,kummer
1824-08-17,17.8.1824,15.9,,
1824-08-18,18.8.1824,19.2,,
1824-08-19,19.8.1824,15.0,,trauerspiel
1824-08-20,20.8.1824,15.7,,
1824-08-21,21.8.1824,17.5,,
1824-08-22,22.8.1824,16.1,,
1824-08-23,23.8.1824,16.0,,
1824-08-24,24.8.1824,15.9,,
1824-08-25,25.8.1824,15.6,,
1824-08-26,26.8.1824,16.7,liebenstein,
1824-08-27,27.8.1824,16.1,,
1824-08-28,28.8.1824,17.6,"freunde, freundinnen",
1824-08-29,29.8.1824,17.7,,
1824-08-30,30.8.1824,19.5,,
1824-08-31,31.8.1824,18.2,,
1824-09-01,1.9.1824,19.5,"liebeslieder, schön",
1824-09-02,2.9.1824,20.0,,
1824-09-03,3.9.1824,22.1,,
1824-09-04,4.9.1824,21.4,,
1824-09-05,5.9.1824,19.7,,
1824-09-06,6.9.1824,15.9,,
1824-09-07,7.9.1824,19.1,,
1824-09-08,8.9.1824,21.0,,
1824-09-09,9.9.1824,17.3,,
1824-09-10,10.9.1824,14.0,,
1824-09-11,11.9.1824,15.0,"vergnügen, dank",
1824-09-12,12.9.1824,16.3,,
1824-09-13,13.9.1824,15.4,schöne,
1824-09-14,14.9.1824,15.9,,
1824-09-15,15.9.1824,14.9,vortheilhaft,
1824-09-16,16.9.1824,15.7,,
1824-09-17,17.9.1824,17.2,,
1824-09-18,18.9.1824,15.6,,
1824-09-19,19.9.1824,14.4,,
1824-09-20,20.9.1824,16.4,,
1824-09-21,21.9.1824,15.5,,
1824-09-22,22.9.1824,13.7,,
1824-09-23,23.9.1824,15.4,,trauerspiels
1824-09-24,24.9.1824,15.0,,
1824-09-25,25.9.1824,12.6,,
1824-09-26,26.9.1824,9.4,,
1824-09-27,27.9.1824,9.0,"lustspiel, holdey",
1824-09-28,28.9.1824,8.0,"schönschreibende, lustsp",
1824-09-29,29.9.1824,6.8,,
1824-09-30,30.9.1824,11.4,,trauerspiele
1824-10-01,1.10.1824,14.1,,
1824-10-02,2.10.1824,15.2,,
1824-10-03,3.10.1824,13.6,,
1824-10-04,4.10.1824,13.1,,
1824-10-05,5.10.1824,14.6,,
1824-10-06,6.10.1824,14.4,,
1824-10-07,7.10.1824,16.1,,
1824-10-08,8.10.1824,14.2,,leiden
1824-10-09,9.10.1824,14.6,,
1824-10-10,10.10.1824,14.3,,
1824-10-11,11.10.1824,11.0,freundes,
1824-10-12,12.10.1824,12.0,,
1824-10-13,13.10.1824,11.3,,
1824-10-14,14.10.1824,7.7,,
1824-10-15,15.10.1824,7.7,erfreuliche,
1824-10-16,16.10.1824,5.6,,
1824-10-17,17.10.1824,5.2,,
1824-10-18,18.10.1824,6.3,,
1824-10-19,19.10.1824,7.2,,kranken
1824-10-20,20.10.1824,10.1,"angenehme, gutachten",
1824-10-21,21.10.1824,7.6,,unglücklichen
1824-10-22,22.10.1824,5.1,vortrefflichkeit,
1824-10-23,23.10.1824,11.3,,
1824-10-24,24.10.1824,11.5,,gramatiker
1824-10-25,25.10.1824,12.8,,
1824-10-26,26.10.1824,13.6,,
1824-10-27,27.10.1824,9.0,,
1824-10-28,28.10.1824,9.8,,leiden
1824-10-29,29.10.1824,9.1,,todt
1824-10-30,30.10.1824,5.7,,
1824-10-31,31.10.1824,5.2,,
1824-11-01,1.11.1824,5.3,,
1824-11-02,2.11.1824,6.8,,
1824-11-03,3.11.1824,7.9,,
1824-11-04,4.11.1824,3.3,,
1824-11-05,5.11.1824,3.0,,krank
1824-11-06,6.11.1824,4.1,gutsherr,
1824-11-07,7.11.1824,4.4,,grammatiker
1824-11-08,8.11.1824,5.8,,
1824-11-09,9.11.1824,9.3,,
1824-11-10,10.11.1824,7.9,,
1824-11-11,11.11.1824,10.2,,
1824-11-12,12.11.1824,8.2,,
1824-11-13,13.11.1824,6.5,,
1824-11-14,14.11.1824,10.3,,
1824-11-15,15.11.1824,4.1,freunde,
1824-11-16,16.11.1824,3.7,,grammatisches
1824-11-17,17.11.1824,5.8,,
1824-11-18,18.11.1824,11.1,schöne,
1824-11-19,19.11.1824,8.5,,
1824-11-20,20.11.1824,11.6,,
1824-11-21,21.11.1824,10.9,,
1824-11-22,22.11.1824,10.2,,
1824-11-23,23.11.1824,8.8,,
1824-11-24,24.11.1824,6.6,,
1824-11-25,25.11.1824,6.1,,
1824-11-26,26.11.1824,4.3,,
1824-11-27,27.11.1824,3.3,,
1824-11-28,28.11.1824,3.4,,sorgen
1824-11-29,29.11.1824,9.6,,
1824-11-30,30.11.1824,9.4,,
1824-12-01,1.12.1824,9.1,,
1824-12-02,2.12.1824,3.0,,krankheit
1824-12-03,3.12.1824,3.7,,
1824-12-04,4.12.1824,6.1,,
1824-12-05,5.12.1824,10.9,dankend,
1824-12-06,6.12.1824,9.6,,
1824-12-07,7.12.1824,6.6,,
1824-12-08,8.12.1824,4.2,lustigkeiten,
1824-12-09,9.12.1824,5.2,,
1824-12-10,10.12.1824,2.8,,
1824-12-11,11.12.1824,2.4,,
1824-12-12,12.12.1824,6.8,,
1824-12-13,13.12.1824,8.9,,
1824-12-14,14.12.1824,8.4,,
1824-12-15,15.12.1824,6.2,,
1824-12-16,16.12.1824,6.4,,
1824-12-17,17.12.1824,1.8,vortheile,
1824-12-18,18.12.1824,1.4,,
1824-12-19,19.12.1824,10.1,,
1824-12-20,20.12.1824,11.4,dankend,
1824-12-21,21.12.1824,5.1,heiterer,
1824-12-22,22.12.1824,9.8,,
1824-12-23,23.12.1824,4.0,,schrecklicher
1824-12-24,24.12.1824,1.1,,
1824-12-25,25.12.1824,4.9,,
1824-12-26,26.12.1824,6.5,,
1824-12-27,27.12.1824,5.0,dankelmann,
1824-12-28,28.12.1824,8.5,,
1824-12-29,29.12.1824,3.7,,
1824-12-30,30.12.1824,2.4,,
1824-12-31,31.12.1824,6.6,dankend,
